Row ID,Order ID,Order Date,Ship Date,Ship Mode,Customer ID,Customer Name,Age,Gender,Segment,Country,City,State,Postal Code,Region,Product ID,Category,Sub-Category,Product Name,Cost,Price,Profit,Quantity,Sales,Total Profit,Month,Year,Quarter,AgeGroup
1,CA-2017-152156,08-Nov-17,11-Nov-17,Second Class,CG-12520,Claire Gute,22,Female,Consumer,United States,Henderson,Kentucky,42420,South,FUR-BO-10001798,Furniture,Bookcases,Bush Somerset Collection Bookcase,464.48,901.06,436.58,4,3604.243977,1746.32,November,2017,Q4,18-25
2,CA-2017-152156,08-Nov-17,11-Nov-17,Second Class,CG-12520,Claire Gute,53,Female,Consumer,United States,Henderson,Kentucky,42420,South,FUR-CH-10000454,Furniture,Chairs,"Hon Deluxe Fabric Upholstered Stacking Chairs, Rounded Back",756.1,138.7,-617.4,12,1664.369269,-7408.8,November,2017,Q4,46-55
4,US-2016-108966,11-Oct-16,18-Oct-16,Standard Class,SO-20335,Sean O'Donnell,46,Male,Consumer,United States,Fort Lauderdale,Florida,33311,South,FUR-TA-10000577,Furniture,Tables,Bretford CR4500 Series Slim Rectangular Table,875.91,445.88,-430.03,13,5796.463018,-5590.39,October,2016,Q4,46-55
5,US-2016-108966,11-Oct-16,18-Oct-16,Standard Class,SO-20335,Sean O'Donnell,59,Male,Consumer,United States,Fort Lauderdale,Florida,33311,South,OFF-ST-10000760,Office Supplies,Storage,Eldon Fold 'N Roll Cart System,187.17,137.59,-49.58,19,2614.284944,-942.02,October,2016,Q4,55+
6,CA-2015-115812,09-Jun-15,14-Jun-15,Standard Class,BH-11710,Brosina Hoffman,47,Female,Consumer,United States,Los Angeles,California,90032,West,FUR-FU-10001487,Furniture,Furnishings,"Eldon Expressions Wood and Plastic Desk Accessories, Cherry Wood",795.6,162.16,-633.44,19,3081.066152,-12035.36,June,2015,Q2,46-55
7,CA-2015-115812,09-Jun-15,14-Jun-15,Standard Class,BH-11710,Brosina Hoffman,32,Female,Consumer,United States,Los Angeles,California,90032,West,OFF-AR-10002833,Office Supplies,Art,Newell 322,711.32,172.24,-539.08,24,4133.747724,-12937.92,June,2015,Q2,26-35
8,CA-2015-115812,09-Jun-15,14-Jun-15,Standard Class,BH-11710,Brosina Hoffman,28,Female,Consumer,United States,Los Angeles,California,90032,West,TEC-PH-10002275,Technology,Phones,Mitel 5320 IP Phone VoIP phone,378.18,939.85,561.67,7,6578.957164,3931.69,June,2015,Q2,26-35
9,CA-2015-115812,09-Jun-15,14-Jun-15,Standard Class,BH-11710,Brosina Hoffman,50,Female,Consumer,United States,Los Angeles,California,90032,West,OFF-BI-10003910,Office Supplies,Binders,DXL Angle-View Binders with Locking Rings by Samsill,685.93,783.4,97.47,25,19584.93743,2436.75,June,2015,Q2,46-55
10,CA-2015-115812,09-Jun-15,14-Jun-15,Standard Class,BH-11710,Brosina Hoffman,51,Female,Consumer,United States,Los Angeles,California,90032,West,OFF-AP-10002892,Office Supplies,Appliances,Belkin F5C206VTEL 6 Outlet Surge,124.23,824.27,700.04,9,7418.467726,6300.36,June,2015,Q2,46-55
11,CA-2015-115812,09-Jun-15,14-Jun-15,Standard Class,BH-11710,Brosina Hoffman,38,Female,Consumer,United States,Los Angeles,California,90032,West,FUR-TA-10001539,Furniture,Tables,Chromcraft Rectangular Conference Tables,742.2,747.27,5.07,15,11209.08286,76.05,June,2015,Q2,36-45
12,CA-2015-115812,09-Jun-15,14-Jun-15,Standard Class,BH-11710,Brosina Hoffman,54,Female,Consumer,United States,Los Angeles,California,90032,West,TEC-PH-10002033,Technology,Phones,Konftel 250 Conferenceÿphoneÿ- Charcoal black,212.91,908.39,695.48,16,14534.26161,11127.68,June,2015,Q2,46-55
13,CA-2018-114412,15-Apr-18,20-Apr-18,Standard Class,AA-10480,Andrew Allen,31,Male,Consumer,United States,Concord,North Carolina,28027,South,OFF-PA-10002365,Office Supplies,Paper,Xerox 1967,60.15,763.94,703.8,15,11459.14745,10557,April,2018,Q2,26-35
14,CA-2017-161389,05-Dec-17,10-Dec-17,Standard Class,IM-15070,Irene Maddox,52,Female,Consumer,United States,Seattle,Washington,98103,West,OFF-BI-10003656,Office Supplies,Binders,Fellowes PB200 Plastic Comb Binding Machine,675.25,852.84,177.59,25,21321.118,4439.75,December,2017,Q4,46-55
17,CA-2015-105893,11-Nov-15,18-Nov-15,Standard Class,PK-19075,Pete Kriz,38,Male,Consumer,United States,Madison,Wisconsin,53711,Central,OFF-ST-10004186,Office Supplies,Storage,"Stur-D-Stor Shelving, Vertical 5-Shelf: 72""H x 36""W x 18 1/2""D",143.05,170.27,27.22,12,2043.216336,326.64,November,2015,Q4,36-45
18,CA-2015-167164,13-May-15,15-May-15,Second Class,AG-10270,Alejandro Grove,56,Male,Consumer,United States,West Jordan,Utah,84084,West,OFF-ST-10000107,Office Supplies,Storage,Fellowes Super Stor/Drawer,826.87,819.44,-7.42,12,9833.289446,-89.04,May,2015,Q2,55+
19,CA-2015-143336,27-Aug-15,01-Sep-15,Second Class,ZD-21925,Zuschuss Donatelli,45,Male,Consumer,United States,San Francisco,California,94109,West,OFF-AR-10003056,Office Supplies,Art,Newell 341,354.24,193.42,-160.82,17,3288.058439,-2733.94,August,2015,Q3,36-45
20,CA-2015-143336,27-Aug-15,01-Sep-15,Second Class,ZD-21925,Zuschuss Donatelli,20,Male,Consumer,United States,San Francisco,California,94109,West,TEC-PH-10001949,Technology,Phones,Cisco SPA 501G IP Phone,602.46,385.89,-216.57,9,3473.031415,-1949.13,August,2015,Q3,18-25
21,CA-2015-143336,27-Aug-15,01-Sep-15,Second Class,ZD-21925,Zuschuss Donatelli,31,Male,Consumer,United States,San Francisco,California,94109,West,OFF-BI-10002215,Office Supplies,Binders,"Wilson Jones Hanging View Binder, White, 1""",527.78,835.49,307.71,6,5012.920677,1846.26,August,2015,Q3,26-35
24,US-2018-156909,16-Jul-18,18-Jul-18,Second Class,SF-20065,Sandra Flanagan,29,Female,Consumer,United States,Philadelphia,Pennsylvania,19140,East,FUR-CH-10002774,Furniture,Chairs,"Global Deluxe Stacking Chair, Gray",541.44,458.43,-83.01,17,7793.331876,-1411.17,July,2018,Q3,26-35
25,CA-2016-106320,25-Sep-16,30-Sep-16,Standard Class,EB-13870,Emily Burns,43,Female,Consumer,United States,Orem,Utah,84057,West,FUR-TA-10000577,Furniture,Tables,Bretford CR4500 Series Slim Rectangular Table,202.83,797.24,594.41,22,17539.29487,13077.02,September,2016,Q3,36-45
26,CA-2017-121755,16-Jan-17,20-Jan-17,Second Class,EH-13945,Eric Hoffmann,31,Male,Consumer,United States,Los Angeles,California,90049,West,OFF-BI-10001634,Office Supplies,Binders,Wilson Jones Active Use Binders,586.08,773.06,186.98,6,4638.355416,1121.88,January,2017,Q1,26-35
27,CA-2017-121755,16-Jan-17,20-Jan-17,Second Class,EH-13945,Eric Hoffmann,43,Male,Consumer,United States,Los Angeles,California,90049,West,TEC-AC-10003027,Technology,Accessories,Imationÿ8GB Mini TravelDrive USB 2.0ÿFlash Drive,183.92,369.63,185.71,22,8131.913529,4085.62,January,2017,Q1,36-45
28,US-2016-150630,17-Sep-16,21-Sep-16,Standard Class,TB-21520,Tracy Blumstein,54,Female,Consumer,United States,Philadelphia,Pennsylvania,19140,East,FUR-BO-10004834,Furniture,Bookcases,"Riverside Palais Royal Lawyers Bookcase, Royale Cherry Finish",188.52,742.99,554.47,15,11144.84174,8317.05,September,2016,Q3,46-55
29,US-2016-150630,17-Sep-16,21-Sep-16,Standard Class,TB-21520,Tracy Blumstein,30,Female,Consumer,United States,Philadelphia,Pennsylvania,19140,East,OFF-BI-10000474,Office Supplies,Binders,Avery Recycled Flexi-View Covers for Binding Systems,728.56,670.87,-57.68,5,3354.36886,-288.4,September,2016,Q3,26-35
30,US-2016-150630,17-Sep-16,21-Sep-16,Standard Class,TB-21520,Tracy Blumstein,50,Female,Consumer,United States,Philadelphia,Pennsylvania,19140,East,FUR-FU-10004848,Furniture,Furnishings,"Howard Miller 13-3/4"" Diameter Brushed Chrome Round Wall Clock",368.86,957.31,588.45,18,17231.61635,10592.1,September,2016,Q3,46-55
31,US-2016-150630,17-Sep-16,21-Sep-16,Standard Class,TB-21520,Tracy Blumstein,46,Female,Consumer,United States,Philadelphia,Pennsylvania,19140,East,OFF-EN-10001509,Office Supplies,Envelopes,Poly String Tie Envelopes,943.14,968.45,25.32,21,20337.54573,531.72,September,2016,Q3,46-55
32,US-2016-150630,17-Sep-16,21-Sep-16,Standard Class,TB-21520,Tracy Blumstein,36,Female,Consumer,United States,Philadelphia,Pennsylvania,19140,East,OFF-AR-10004042,Office Supplies,Art,"BOSTON Model 1800 Electric Pencil Sharpeners, Putty/Woodgrain",516.86,762.18,245.31,15,11432.63183,3679.65,September,2016,Q3,36-45
33,US-2016-150630,17-Sep-16,21-Sep-16,Standard Class,TB-21520,Tracy Blumstein,24,Female,Consumer,United States,Philadelphia,Pennsylvania,19140,East,OFF-BI-10001525,Office Supplies,Binders,"Acco Pressboard Covers with Storage Hooks, 14 7/8"" x 11"", Executive Red",297.18,763.19,466.01,7,5342.33281,3262.07,September,2016,Q3,18-25
34,US-2016-150630,17-Sep-16,21-Sep-16,Standard Class,TB-21520,Tracy Blumstein,56,Female,Consumer,United States,Philadelphia,Pennsylvania,19140,East,OFF-AR-10001683,Office Supplies,Art,Lumber Crayons,281.17,600.8,319.63,14,8411.196939,4474.82,September,2016,Q3,55+
47,CA-2015-146703,20-Oct-15,25-Oct-15,Second Class,PO-18865,Patrick O'Donnell,57,Male,Consumer,United States,Westland,Michigan,48185,Central,OFF-ST-10001713,Office Supplies,Storage,"Gould Plastics 9-Pocket Panel Bin, 18-3/8w x 5-1/4d x 20-1/2h, Black",23.82,802.03,778.22,7,5614.221833,5447.54,October,2015,Q4,55+
48,CA-2017-169194,20-Jun-17,25-Jun-17,Standard Class,LH-16900,Lena Hernandez,39,Female,Consumer,United States,Dover,Delaware,19901,East,TEC-AC-10002167,Technology,Accessories,Imationÿ8gb Micro Traveldrive Usb 2.0ÿFlash Drive,185.42,818.23,632.81,6,4909.398252,3796.86,June,2017,Q2,36-45
49,CA-2017-169194,20-Jun-17,25-Jun-17,Standard Class,LH-16900,Lena Hernandez,25,Female,Consumer,United States,Dover,Delaware,19901,East,TEC-PH-10003988,Technology,Phones,"LF Elite 3D Dazzle Designer Hard Case Cover, Lf Stylus Pen and Wiper For Apple Iphone 5c Mini Lite",619.04,903.05,284.01,21,18964.14972,5964.21,June,2017,Q2,18-25
50,CA-2016-115742,18-Apr-16,22-Apr-16,Standard Class,DP-13000,Darren Powers,27,Male,Consumer,United States,New Albany,Indiana,47150,Central,OFF-BI-10004410,Office Supplies,Binders,"C-Line Peel & Stick Add-On Filing Pockets, 8-3/4 x 5-1/8, 10/Pack",87.19,736.24,649.05,17,12516.13024,11033.85,April,2016,Q2,26-35
51,CA-2016-115742,18-Apr-16,22-Apr-16,Standard Class,DP-13000,Darren Powers,53,Male,Consumer,United States,New Albany,Indiana,47150,Central,OFF-LA-10002762,Office Supplies,Labels,Avery 485,242.66,953.24,710.59,7,6672.69409,4974.13,April,2016,Q2,46-55
52,CA-2016-115742,18-Apr-16,22-Apr-16,Standard Class,DP-13000,Darren Powers,21,Male,Consumer,United States,New Albany,Indiana,47150,Central,FUR-FU-10001706,Furniture,Furnishings,Longer-Life Soft White Bulbs,357.46,763.57,406.11,19,14507.79141,7716.09,April,2016,Q2,18-25
53,CA-2016-115742,18-Apr-16,22-Apr-16,Standard Class,DP-13000,Darren Powers,55,Male,Consumer,United States,New Albany,Indiana,47150,Central,FUR-CH-10003061,Furniture,Chairs,"Global Leather Task Chair, Black",136.89,587.15,450.25,22,12917.20012,9905.5,April,2016,Q2,46-55
56,CA-2017-111682,17-Jun-17,18-Jun-17,First Class,TB-21055,Ted Butterfield,52,Male,Consumer,United States,Troy,New York,12180,East,OFF-ST-10000604,Office Supplies,Storage,Home/Office Personal File Carts,804.72,437.1,-367.62,18,7867.773349,-6617.16,June,2017,Q2,46-55
57,CA-2017-111682,17-Jun-17,18-Jun-17,First Class,TB-21055,Ted Butterfield,51,Male,Consumer,United States,Troy,New York,12180,East,OFF-PA-10001569,Office Supplies,Paper,Xerox 232,392.64,157.29,-235.36,17,2673.879838,-4001.12,June,2017,Q2,46-55
58,CA-2017-111682,17-Jun-17,18-Jun-17,First Class,TB-21055,Ted Butterfield,42,Male,Consumer,United States,Troy,New York,12180,East,FUR-CH-10003968,Furniture,Chairs,Novimex Turbo Task Chair,87.4,1.51,-85.9,15,22.60573185,-1288.5,June,2017,Q2,36-45
59,CA-2017-111682,17-Jun-17,18-Jun-17,First Class,TB-21055,Ted Butterfield,49,Male,Consumer,United States,Troy,New York,12180,East,OFF-PA-10000587,Office Supplies,Paper,"Array Parchment Paper, Assorted Colors",488.25,42.56,-445.69,16,680.9024654,-7131.04,June,2017,Q2,46-55
60,CA-2017-111682,17-Jun-17,18-Jun-17,First Class,TB-21055,Ted Butterfield,33,Male,Consumer,United States,Troy,New York,12180,East,TEC-AC-10002167,Technology,Accessories,Imationÿ8gb Micro Traveldrive Usb 2.0ÿFlash Drive,159.47,360.48,201,8,2883.827155,1608,June,2017,Q2,26-35
61,CA-2017-111682,17-Jun-17,18-Jun-17,First Class,TB-21055,Ted Butterfield,38,Male,Consumer,United States,Troy,New York,12180,East,OFF-BI-10001460,Office Supplies,Binders,Plastic Binding Combs,957.08,502.84,-454.24,25,12570.98008,-11356,June,2017,Q2,36-45
62,CA-2017-111682,17-Jun-17,18-Jun-17,First Class,TB-21055,Ted Butterfield,45,Male,Consumer,United States,Troy,New York,12180,East,OFF-AR-10001868,Office Supplies,Art,Prang Dustless Chalk Sticks,306.2,295.23,-10.97,12,3542.806551,-131.64,June,2017,Q2,36-45
63,CA-2016-135545,24-Nov-16,30-Nov-16,Standard Class,KM-16720,Kunst Miller,46,Male,Consumer,United States,Los Angeles,California,90004,West,TEC-AC-10004633,Technology,Accessories,"Verbatim 25 GB 6x Blu-ray Single Layer Recordable Disc, 3/Pack",635.51,683.8,48.29,21,14359.77677,1014.09,November,2016,Q4,46-55
64,CA-2016-135545,24-Nov-16,30-Nov-16,Standard Class,KM-16720,Kunst Miller,31,Male,Consumer,United States,Los Angeles,California,90004,West,OFF-BI-10001078,Office Supplies,Binders,"Acco PRESSTEX Data Binder with Storage Hooks, Dark Blue, 14 7/8"" X 11""",391.32,740.7,349.38,19,14073.22008,6638.22,November,2016,Q4,26-35
65,CA-2016-135545,24-Nov-16,30-Nov-16,Standard Class,KM-16720,Kunst Miller,34,Male,Consumer,United States,Los Angeles,California,90004,West,OFF-PA-10003892,Office Supplies,Paper,Xerox 1943,855.78,198.26,-657.52,9,1784.381756,-5917.68,November,2016,Q4,26-35
66,CA-2016-135545,24-Nov-16,30-Nov-16,Standard Class,KM-16720,Kunst Miller,59,Male,Consumer,United States,Los Angeles,California,90004,West,FUR-FU-10000397,Furniture,Furnishings,Luxo Economy Swing Arm Lamp,145.26,413.09,267.83,2,826.180006,535.66,November,2016,Q4,55+
70,CA-2017-119823,04-Jun-17,06-Jun-17,First Class,KD-16270,Karen Daniels,52,Female,Consumer,United States,Springfield,Virginia,22153,South,OFF-PA-10000482,Office Supplies,Paper,"Snap-A-Way Black Print Carbonless Ruled Speed Letter, Triplicate",623.34,978.67,355.33,10,9786.692444,3553.3,June,2017,Q2,46-55
71,CA-2017-106075,18-Sep-17,23-Sep-17,Standard Class,HM-14980,Henry MacAllister,46,Male,Consumer,United States,New York City,New York,10009,East,OFF-BI-10004654,Office Supplies,Binders,Avery Binding System Hidden Tab Executive Style Index Sets,160.93,676.2,515.28,8,5409.631112,4122.24,September,2017,Q3,46-55
72,CA-2018-114440,14-Sep-18,17-Sep-18,Second Class,TB-21520,Tracy Blumstein,26,Female,Consumer,United States,Jackson,Michigan,49201,Central,OFF-PA-10004675,Office Supplies,Paper,"Telephone Message Books with Fax/Mobile Section, 5 1/2"" x 3 3/16""",190.36,14.39,-175.96,18,259.0547228,-3167.28,September,2018,Q3,26-35
73,US-2016-134026,26-Apr-16,02-May-16,Standard Class,JE-15745,Joel Eaton,56,Male,Consumer,United States,Memphis,Tennessee,38109,South,FUR-CH-10000513,Furniture,Chairs,High-Back Leather Manager's Chair,890.82,454.88,-435.94,19,8642.734197,-8282.86,April,2016,Q2,55+
74,US-2016-134026,26-Apr-16,02-May-16,Standard Class,JE-15745,Joel Eaton,52,Male,Consumer,United States,Memphis,Tennessee,38109,South,FUR-FU-10003708,Furniture,Furnishings,"Tenex Traditional Chairmats for Medium Pile Carpet, Standard Lip, 36"" x 48""",335.84,476.11,140.27,10,4761.075788,1402.7,April,2016,Q2,46-55
75,US-2016-134026,26-Apr-16,02-May-16,Standard Class,JE-15745,Joel Eaton,23,Male,Consumer,United States,Memphis,Tennessee,38109,South,OFF-ST-10004123,Office Supplies,Storage,Safco Industrial Wire Shelving System,469.6,689.82,220.23,4,2759.299315,880.92,April,2016,Q2,18-25
79,US-2015-147606,26-Nov-15,01-Dec-15,Second Class,JE-15745,Joel Eaton,33,Male,Consumer,United States,Houston,Texas,77070,Central,FUR-FU-10003194,Furniture,Furnishings,"Eldon Expressions Desk Accessory, Wood Pencil Holder, Oak",696.55,122.51,-574.04,24,2940.211428,-13776.96,November,2015,Q4,26-35
82,CA-2015-139451,12-Oct-15,16-Oct-15,Standard Class,DN-13690,Duane Noonan,25,Female,Consumer,United States,San Francisco,California,94122,West,OFF-AR-10002053,Office Supplies,Art,"Premium Writing Pencils, Soft, #2 by Central Association for the Blind",241.57,516.48,274.91,1,516.4788574,274.91,October,2015,Q4,18-25
83,CA-2015-139451,12-Oct-15,16-Oct-15,Standard Class,DN-13690,Duane Noonan,54,Female,Consumer,United States,San Francisco,California,94122,West,OFF-ST-10002370,Office Supplies,Storage,"Sortfiler Multipurpose Personal File Organizer, Black",57.68,954.75,897.07,17,16230.75146,15250.19,October,2015,Q4,46-55
86,CA-2018-140088,28-May-18,30-May-18,Second Class,PO-18865,Patrick O'Donnell,22,Male,Consumer,United States,Columbia,South Carolina,29203,South,FUR-CH-10000863,Furniture,Chairs,Novimex Swivel Fabric Task Chair,584.38,422.34,-162.04,21,8869.145783,-3402.84,May,2018,Q2,18-25
87,CA-2018-155558,26-Oct-18,02-Nov-18,Standard Class,PG-18895,Paul Gonzalez,21,Male,Consumer,United States,Rochester,Minnesota,55901,Central,TEC-AC-10001998,Technology,Accessories,LogitechÿLS21 Speaker System - PC Multimedia - 2.1-CH - Wired,705.75,812.12,106.37,4,3248.49345,425.48,October,2018,Q4,18-25
88,CA-2018-155558,26-Oct-18,02-Nov-18,Standard Class,PG-18895,Paul Gonzalez,37,Male,Consumer,United States,Rochester,Minnesota,55901,Central,OFF-LA-10000134,Office Supplies,Labels,Avery 511,246.56,177.03,-69.53,12,2124.332789,-834.36,October,2018,Q4,36-45
93,CA-2016-149587,31-Jan-16,05-Feb-16,Second Class,KB-16315,Karl Braun,23,Male,Consumer,United States,Minneapolis,Minnesota,55407,Central,OFF-PA-10003177,Office Supplies,Paper,Xerox 1999,663.9,784.5,120.6,16,12551.93087,1929.6,January,2016,Q1,18-25
94,CA-2016-149587,31-Jan-16,05-Feb-16,Second Class,KB-16315,Karl Braun,41,Male,Consumer,United States,Minneapolis,Minnesota,55407,Central,FUR-FU-10003799,Furniture,Furnishings,"Seth Thomas 13 1/2"" Wall Clock",427.71,674.12,246.4,2,1348.23706,492.8,January,2016,Q1,36-45
95,CA-2016-149587,31-Jan-16,05-Feb-16,Second Class,KB-16315,Karl Braun,42,Male,Consumer,United States,Minneapolis,Minnesota,55407,Central,OFF-BI-10002852,Office Supplies,Binders,Ibico Standard Transparent Covers,982.1,576.28,-405.82,20,11525.62349,-8116.4,January,2016,Q1,36-45
98,CA-2018-157833,17-Jun-18,20-Jun-18,First Class,KD-16345,Katherine Ducich,51,Female,Consumer,United States,San Francisco,California,94122,West,OFF-BI-10001721,Office Supplies,Binders,Trimflex Flexible Post Binders,223.38,277.91,54.53,13,3612.852054,708.89,June,2018,Q2,46-55
103,CA-2017-129903,01-Dec-17,04-Dec-17,Second Class,GZ-14470,Gary Zandusky,39,Male,Consumer,United States,Rochester,Minnesota,55901,Central,OFF-PA-10004040,Office Supplies,Paper,Universal Premium White Copier/Laser Paper (20Lb. and 87 Bright),650.92,785.4,134.48,2,1570.806968,268.96,December,2017,Q4,36-45
104,US-2016-156867,13-Nov-16,17-Nov-16,Standard Class,LC-16870,Lena Cacioppo,47,Female,Consumer,United States,Aurora,Colorado,80013,West,TEC-AC-10001552,Technology,Accessories,Logitech K350 2.4Ghz Wireless Keyboard,793.42,448.47,-344.95,3,1345.416451,-1034.85,November,2016,Q4,46-55
105,US-2016-156867,13-Nov-16,17-Nov-16,Standard Class,LC-16870,Lena Cacioppo,24,Female,Consumer,United States,Aurora,Colorado,80013,West,FUR-FU-10004006,Furniture,Furnishings,"Deflect-o DuraMat Lighweight, Studded, Beveled Mat for Low Pile Carpeting",135.9,281.59,145.69,17,4787.051652,2476.73,November,2016,Q4,18-25
106,US-2016-156867,13-Nov-16,17-Nov-16,Standard Class,LC-16870,Lena Cacioppo,53,Female,Consumer,United States,Aurora,Colorado,80013,West,OFF-BI-10002794,Office Supplies,Binders,"Avery Trapezoid Ring Binder, 3"" Capacity, Black, 1040 sheets",619.99,939.5,319.5,10,9394.951568,3195,November,2016,Q4,46-55
107,CA-2018-119004,23-Nov-18,28-Nov-18,Standard Class,JM-15250,Janet Martin,40,Female,Consumer,United States,Charlotte,North Carolina,28205,South,TEC-AC-10003499,Technology,Accessories,Memorex Mini Travel Drive 8 GB USB 2.0 Flash Drive,250.34,434.38,184.04,10,4343.798698,1840.4,November,2018,Q4,36-45
108,CA-2018-119004,23-Nov-18,28-Nov-18,Standard Class,JM-15250,Janet Martin,46,Female,Consumer,United States,Charlotte,North Carolina,28205,South,TEC-PH-10002844,Technology,Phones,Speck Products Candyshell Flip Case,295.4,532.65,237.25,7,3728.582084,1660.75,November,2018,Q4,46-55
109,CA-2018-119004,23-Nov-18,28-Nov-18,Standard Class,JM-15250,Janet Martin,55,Female,Consumer,United States,Charlotte,North Carolina,28205,South,OFF-AR-10000390,Office Supplies,Art,Newell Chalk Holder,510.29,110.69,-399.6,16,1771.098902,-6393.6,November,2018,Q4,46-55
3,CA-2017-138688,12-Jun-17,16-Jun-17,Second Class,DV-13045,Darrin Van Huff,58,Male,Corporate,United States,Los Angeles,California,90036,West,OFF-LA-10000240,Office Supplies,Labels,Self-Adhesive Address Labels for Typewriters by Universal,537.68,159.28,-378.4,12,1911.39775,-4540.8,June,2017,Q2,55+
15,US-2016-118983,22-Nov-16,26-Nov-16,Standard Class,HP-14815,Harold Pawlan,44,Male,Home Office,United States,Fort Worth,Texas,76106,Central,OFF-AP-10002311,Office Supplies,Appliances,"Holmes Replacement Filter for HEPA Air Cleaner, Very Large Room, HEPA Filter",803.28,725.46,-77.83,1,725.4552952,-77.83,November,2016,Q4,36-45
16,US-2016-118983,22-Nov-16,26-Nov-16,Standard Class,HP-14815,Harold Pawlan,55,Male,Home Office,United States,Fort Worth,Texas,76106,Central,OFF-BI-10000756,Office Supplies,Binders,Storex DuraTech Recycled Plastic Frosted Binders,351.75,586.56,234.81,22,12904.31631,5165.82,November,2016,Q4,46-55
22,CA-2017-137330,09-Dec-17,13-Dec-17,Standard Class,KB-16585,Ken Black,59,Male,Corporate,United States,Fremont,Nebraska,68025,Central,OFF-AR-10000246,Office Supplies,Art,Newell 318,154,564.5,410.5,8,4515.970601,3284,December,2017,Q4,55+
23,CA-2017-137330,09-Dec-17,13-Dec-17,Standard Class,KB-16585,Ken Black,38,Male,Corporate,United States,Fremont,Nebraska,68025,Central,OFF-AP-10001492,Office Supplies,Appliances,"Acco Six-Outlet Power Strip, 4' Cord Length",969.56,73.08,-896.48,2,146.1597015,-1792.96,December,2017,Q4,36-45
35,CA-2018-107727,19-Oct-18,23-Oct-18,Second Class,MA-17560,Matt Abelman,40,Male,Home Office,United States,Houston,Texas,77095,Central,OFF-PA-10000249,Office Supplies,Paper,Easy-staple paper,500.8,562.08,61.27,3,1686.23117,183.81,October,2018,Q4,36-45
36,CA-2017-117590,08-Dec-17,10-Dec-17,First Class,GH-14485,Gene Hale,36,Female,Corporate,United States,Richardson,Texas,75080,Central,TEC-PH-10004977,Technology,Phones,GE 30524EE4,702.18,580.41,-121.76,7,4062.877937,-852.32,December,2017,Q4,36-45
37,CA-2017-117590,08-Dec-17,10-Dec-17,First Class,GH-14485,Gene Hale,54,Female,Corporate,United States,Richardson,Texas,75080,Central,FUR-FU-10003664,Furniture,Furnishings,"Electrix Architect's Clamp-On Swing Arm Lamp, Black",816.79,332.61,-484.19,4,1330.433705,-1936.76,December,2017,Q4,46-55
38,CA-2016-117415,27-Dec-16,31-Dec-16,Standard Class,SN-20710,Steve Nguyen,57,Male,Home Office,United States,Houston,Texas,77041,Central,OFF-EN-10002986,Office Supplies,Envelopes,"#10-4 1/8"" x 9 1/2"" Premium Diagonal Seam Envelopes",866.76,75.04,-791.72,9,675.3258823,-7125.48,December,2016,Q4,55+
39,CA-2016-117415,27-Dec-16,31-Dec-16,Standard Class,SN-20710,Steve Nguyen,48,Male,Home Office,United States,Houston,Texas,77041,Central,FUR-BO-10002545,Furniture,Bookcases,"Atlantic Metals Mobile 3-Shelf Bookcases, Custom Colors",915.83,618.75,-297.09,18,11137.436,-5347.62,December,2016,Q4,46-55
40,CA-2016-117415,27-Dec-16,31-Dec-16,Standard Class,SN-20710,Steve Nguyen,27,Male,Home Office,United States,Houston,Texas,77041,Central,FUR-CH-10004218,Furniture,Chairs,"Global Fabric Manager's Chair, Dark Gray",990.31,399.45,-590.86,22,8787.869102,-12998.92,December,2016,Q4,26-35
41,CA-2016-117415,27-Dec-16,31-Dec-16,Standard Class,SN-20710,Steve Nguyen,34,Male,Home Office,United States,Houston,Texas,77041,Central,TEC-PH-10000486,Technology,Phones,Plantronics HL10 Handset Lifter,827.12,359.77,-467.36,7,2518.377943,-3271.52,December,2016,Q4,26-35
42,CA-2018-120999,10-Sep-18,15-Sep-18,Standard Class,LC-16930,Linda Cazamias,52,Female,Corporate,United States,Naperville,Illinois,60540,Central,TEC-PH-10004093,Technology,Phones,Panasonic Kx-TS550,429.08,30.69,-398.39,10,306.9458167,-3983.9,September,2018,Q3,46-55
43,CA-2017-101343,17-Jul-17,22-Jul-17,Standard Class,RA-19885,Ruben Ausman,44,Male,Corporate,United States,Los Angeles,California,90049,West,OFF-ST-10003479,Office Supplies,Storage,"Eldon Base for stackable storage shelf, platinum",205.78,995.4,789.62,23,22894.29727,18161.26,July,2017,Q3,36-45
44,CA-2018-139619,19-Sep-18,23-Sep-18,Standard Class,ES-14080,Erin Smith,32,Male,Corporate,United States,Melbourne,Florida,32935,South,OFF-ST-10003282,Office Supplies,Storage,"Advantus 10-Drawer Portable Organizer, Chrome Metal Frame, Smoke Drawers",913.38,242.91,-670.47,10,2429.108418,-6704.7,September,2018,Q3,26-35
45,CA-2017-118255,11-Mar-17,13-Mar-17,First Class,ON-18715,Odella Nelson,39,Female,Corporate,United States,Eagan,Minnesota,55122,Central,TEC-AC-10000171,Technology,Accessories,"Verbatim 25 GB 6x Blu-ray Single Layer Recordable Disc, 25/Pack",542.25,649.85,107.6,1,649.8492626,107.6,March,2017,Q1,36-45
46,CA-2017-118255,11-Mar-17,13-Mar-17,First Class,ON-18715,Odella Nelson,54,Female,Corporate,United States,Eagan,Minnesota,55122,Central,OFF-BI-10003291,Office Supplies,Binders,Wilson Jones Leather-Like Binders with DublLock Round Rings,282.07,283.29,1.22,25,7082.237861,30.5,March,2017,Q1,46-55
54,CA-2017-105816,11-Dec-17,17-Dec-17,Standard Class,JM-15265,Janet Molinari,33,Female,Corporate,United States,New York City,New York,10024,East,OFF-FA-10000304,Office Supplies,Fasteners,Advantus Push Pins,750.98,34.62,-716.35,1,34.6230988,-716.35,December,2017,Q4,26-35
55,CA-2017-105816,11-Dec-17,17-Dec-17,Standard Class,JM-15265,Janet Molinari,26,Female,Corporate,United States,New York City,New York,10024,East,TEC-PH-10002447,Technology,Phones,AT&T CL83451 4-Handset Telephone,963.45,995.71,32.25,16,15931.28358,516,December,2017,Q4,26-35
67,US-2016-164175,30-Apr-16,05-May-16,Standard Class,PS-18970,Paul Stevenson,41,Male,Home Office,United States,Chicago,Illinois,60610,Central,FUR-CH-10001146,Furniture,Chairs,"Global Value Mid-Back Manager's Chair, Gray",350.54,390.39,39.85,25,9759.694933,996.25,April,2016,Q2,36-45
68,CA-2015-106376,05-Dec-15,10-Dec-15,Standard Class,BS-11590,Brendan Sweed,20,Male,Corporate,United States,Gilbert,Arizona,85234,West,OFF-AR-10002671,Office Supplies,Art,"Hunt BOSTON Model 1606 High-Volume Electric Pencil Sharpener, Beige",306.17,465.09,158.92,9,4185.804457,1430.28,December,2015,Q4,18-25
69,CA-2015-106376,05-Dec-15,10-Dec-15,Standard Class,BS-11590,Brendan Sweed,36,Male,Corporate,United States,Gilbert,Arizona,85234,West,TEC-PH-10002726,Technology,Phones,netTALK DUO VoIP Telephone Service,674.71,262.71,-412,8,2101.681808,-3296,December,2015,Q4,36-45
76,US-2018-118038,09-Dec-18,11-Dec-18,First Class,KB-16600,Ken Brennan,24,Male,Corporate,United States,Houston,Texas,77041,Central,OFF-BI-10004182,Office Supplies,Binders,Economy Binders,283.6,295.23,11.63,19,5609.300622,220.97,December,2018,Q4,18-25
77,US-2018-118038,09-Dec-18,11-Dec-18,First Class,KB-16600,Ken Brennan,56,Male,Corporate,United States,Houston,Texas,77041,Central,FUR-FU-10000260,Furniture,Furnishings,"6"" Cubicle Wall Clock, Black",315.81,194.95,-120.86,2,389.9023347,-241.72,December,2018,Q4,55+
78,US-2018-118038,09-Dec-18,11-Dec-18,First Class,KB-16600,Ken Brennan,57,Male,Corporate,United States,Houston,Texas,77041,Central,OFF-ST-10000615,Office Supplies,Storage,"SimpliFile Personal File, Black Granite, 15w x 6-15/16d x 11-1/4h",791.14,943.26,152.13,18,16978.71025,2738.34,December,2018,Q4,55+
80,CA-2017-127208,12-Jun-17,15-Jun-17,First Class,SC-20770,Stewart Carmichael,22,Male,Corporate,United States,Decatur,Alabama,35601,South,OFF-AP-10002118,Office Supplies,Appliances,"1.7 Cubic Foot Compact ""Cube"" Office Refrigerators",388.19,319.17,-69.02,25,7979.172993,-1725.5,June,2017,Q2,18-25
81,CA-2017-127208,12-Jun-17,15-Jun-17,First Class,SC-20770,Stewart Carmichael,35,Male,Corporate,United States,Decatur,Alabama,35601,South,OFF-BI-10002309,Office Supplies,Binders,Avery Heavy-Duty EZD  Binder With Locking Rings,162.76,19.91,-142.84,5,99.56473465,-714.2,June,2017,Q2,26-35
84,CA-2016-149734,03-Sep-16,08-Sep-16,Standard Class,JC-16105,Julie Creighton,31,Female,Corporate,United States,Durham,North Carolina,27707,South,OFF-EN-10000927,Office Supplies,Envelopes,Jet-Pak Recycled Peel 'N' Seal Padded Mailers,69.29,774.73,705.44,23,17818.8067,16225.12,September,2016,Q3,26-35
85,US-2018-119662,13-Nov-18,16-Nov-18,First Class,CS-12400,Christopher Schild,52,Male,Home Office,United States,Chicago,Illinois,60623,Central,OFF-ST-10003656,Office Supplies,Storage,Safco Industrial Wire Shelving,90.07,228.64,138.57,19,4344.141622,2632.83,November,2018,Q4,46-55
89,CA-2017-159695,05-Apr-17,10-Apr-17,Second Class,GM-14455,Gary Mitchum,45,Male,Home Office,United States,Houston,Texas,77095,Central,OFF-ST-10003442,Office Supplies,Storage,Eldon Portable Mobile Manager,530.43,289.41,-241.03,6,1736.440323,-1446.18,April,2017,Q2,36-45
90,CA-2017-109806,17-Sep-17,22-Sep-17,Standard Class,JS-15685,Jim Sink,38,Male,Corporate,United States,Los Angeles,California,90036,West,OFF-AR-10004930,Office Supplies,Art,Turquoise Lead Holder with Pocket Clip,793.09,481.74,-311.35,1,481.7389331,-311.35,September,2017,Q3,36-45
91,CA-2017-109806,17-Sep-17,22-Sep-17,Standard Class,JS-15685,Jim Sink,39,Male,Corporate,United States,Los Angeles,California,90036,West,TEC-PH-10004093,Technology,Phones,Panasonic Kx-TS550,834.6,877.05,42.45,21,18418.14801,891.45,September,2017,Q3,36-45
92,CA-2017-109806,17-Sep-17,22-Sep-17,Standard Class,JS-15685,Jim Sink,33,Male,Corporate,United States,Los Angeles,California,90036,West,OFF-PA-10000304,Office Supplies,Paper,Xerox 1995,291.51,835.85,544.33,13,10865.99301,7076.29,September,2017,Q3,26-35
96,US-2018-109484,06-Nov-18,12-Nov-18,Standard Class,RB-19705,Roger Barcio,43,Male,Home Office,United States,Portland,Oregon,97206,West,OFF-BI-10004738,Office Supplies,Binders,Flexible Leather- Look Classic Collection Ring Binder,530.48,245.18,-285.3,24,5884.295083,-6847.2,November,2018,Q4,36-45
97,CA-2018-161018,09-Nov-18,11-Nov-18,Second Class,PN-18775,Parhena Norris,25,Female,Home Office,United States,New York City,New York,10009,East,FUR-FU-10000629,Furniture,Furnishings,9-3/4 Diameter Round Wall Clock,697.51,913.74,216.24,2,1827.489496,432.48,November,2018,Q4,18-25
99,CA-2017-149223,06-Sep-17,11-Sep-17,Standard Class,ER-13855,Elpida Rittenbach,47,Female,Corporate,United States,Saint Paul,Minnesota,55106,Central,OFF-AP-10000358,Office Supplies,Appliances,Fellowes Basic Home/Office Series Surge Protectors,843.03,842.39,-0.64,10,8423.867072,-6.4,September,2017,Q3,46-55
100,CA-2017-158568,29-Aug-17,02-Sep-17,Standard Class,RB-19465,Rick Bensley,48,Male,Home Office,United States,Chicago,Illinois,60610,Central,OFF-PA-10003256,Office Supplies,Paper,Avery Personal Creations Heavyweight Cards,98.43,940.72,842.29,23,21636.62332,19372.67,August,2017,Q3,46-55
101,CA-2017-158568,29-Aug-17,02-Sep-17,Standard Class,RB-19465,Rick Bensley,52,Male,Home Office,United States,Chicago,Illinois,60610,Central,TEC-AC-10001767,Technology,Accessories,SanDisk Ultra 64 GB MicroSDHC Class 10 Memory Card,633.96,219.22,-414.75,8,1753.754837,-3318,August,2017,Q3,46-55
102,CA-2017-158568,29-Aug-17,02-Sep-17,Standard Class,RB-19465,Rick Bensley,35,Male,Home Office,United States,Chicago,Illinois,60610,Central,OFF-BI-10002609,Office Supplies,Binders,Avery Hidden Tab Dividers for Binding Systems,841.08,718.02,-123.06,18,12924.35781,-2215.08,August,2017,Q3,26-35
